-----------------------------------
-- ROOMS (50 registros)
-----------------------------------
INSERT INTO rooms (room_id, name, is_group, created_at) VALUES
('R001','Chat USR001 & USR002',0,DATEADD(DAY,-50,SYSUTCDATETIME())),
('R002','Chat USR003 & USR004',0,DATEADD(DAY,-49,SYSUTCDATETIME())),
('R003','Chat USR005 & USR006',0,DATEADD(DAY,-48,SYSUTCDATETIME())),
('R004','Chat USR007 & USR008',0,DATEADD(DAY,-47,SYSUTCDATETIME())),
('R005','Chat USR009 & USR010',0,DATEADD(DAY,-46,SYSUTCDATETIME())),
('R006','Chat USR011 & USR012',0,DATEADD(DAY,-45,SYSUTCDATETIME())),
('R007','Chat USR013 & USR014',0,DATEADD(DAY,-44,SYSUTCDATETIME())),
('R008','Chat USR015 & USR016',0,DATEADD(DAY,-43,SYSUTCDATETIME())),
('R009','Chat USR017 & USR018',0,DATEADD(DAY,-42,SYSUTCDATETIME())),
('R010','Chat USR019 & USR020',0,DATEADD(DAY,-41,SYSUTCDATETIME())),
('R011','Chat USR021 & USR022',0,DATEADD(DAY,-40,SYSUTCDATETIME())),
('R012','Chat USR023 & USR024',0,DATEADD(DAY,-39,SYSUTCDATETIME())),
('R013','Chat USR025 & USR026',0,DATEADD(DAY,-38,SYSUTCDATETIME())),
('R014','Chat USR027 & USR028',0,DATEADD(DAY,-37,SYSUTCDATETIME())),
('R015','Chat USR029 & USR030',0,DATEADD(DAY,-36,SYSUTCDATETIME())),
('R016','Chat USR031 & USR032',0,DATEADD(DAY,-35,SYSUTCDATETIME())),
('R017','Chat USR033 & USR034',0,DATEADD(DAY,-34,SYSUTCDATETIME())),
('R018','Chat USR035 & USR036',0,DATEADD(DAY,-33,SYSUTCDATETIME())),
('R019','Chat USR037 & USR038',0,DATEADD(DAY,-32,SYSUTCDATETIME())),
('R020','Chat USR039 & USR040',0,DATEADD(DAY,-31,SYSUTCDATETIME())),
('R021','Chat USR041 & USR042',0,DATEADD(DAY,-30,SYSUTCDATETIME())),
('R022','Chat USR043 & USR044',0,DATEADD(DAY,-29,SYSUTCDATETIME())),
('R023','Chat USR045 & USR046',0,DATEADD(DAY,-28,SYSUTCDATETIME())),
('R024','Chat USR047 & USR048',0,DATEADD(DAY,-27,SYSUTCDATETIME())),
('R025','Chat USR049 & USR050',0,DATEADD(DAY,-26,SYSUTCDATETIME())),

('R026','Grupo Familia',1,DATEADD(DAY,-25,SYSUTCDATETIME())),
('R027','Grupo Proyecto Alpha',1,DATEADD(DAY,-24,SYSUTCDATETIME())),
('R028','Grupo Amigos Universidad',1,DATEADD(DAY,-23,SYSUTCDATETIME())),
('R029','Grupo Viaje Cancún',1,DATEADD(DAY,-22,SYSUTCDATETIME())),
('R030','Grupo Equipo Fútbol',1,DATEADD(DAY,-21,SYSUTCDATETIME())),
('R031','Grupo Clases Inglés',1,DATEADD(DAY,-20,SYSUTCDATETIME())),
('R032','Grupo Trabajo Final',1,DATEADD(DAY,-19,SYSUTCDATETIME())),
('R033','Grupo Música Rock',1,DATEADD(DAY,-18,SYSUTCDATETIME())),
('R034','Grupo Lectura',1,DATEADD(DAY,-17,SYSUTCDATETIME())),
('R035','Grupo Yoga Online',1,DATEADD(DAY,-16,SYSUTCDATETIME())),
('R036','Grupo Cine Club',1,DATEADD(DAY,-15,SYSUTCDATETIME())),
('R037','Grupo Developers',1,DATEADD(DAY,-14,SYSUTCDATETIME())),
('R038','Grupo UX Design',1,DATEADD(DAY,-13,SYSUTCDATETIME())),
('R039','Grupo Recetas Saludables',1,DATEADD(DAY,-12,SYSUTCDATETIME())),
('R040','Grupo Running Team',1,DATEADD(DAY,-11,SYSUTCDATETIME())),
('R041','Grupo Fotografía',1,DATEADD(DAY,-10,SYSUTCDATETIME())),
('R042','Grupo Viajeros',1,DATEADD(DAY,-9,SYSUTCDATETIME())),
('R043','Grupo Emprendedores',1,DATEADD(DAY,-8,SYSUTCDATETIME())),
('R044','Grupo Marketing Digital',1,DATEADD(DAY,-7,SYSUTCDATETIME())),
('R045','Grupo Finanzas Personales',1,DATEADD(DAY,-6,SYSUTCDATETIME())),
('R046','Grupo Estudio SQL',1,DATEADD(DAY,-5,SYSUTCDATETIME())),
('R047','Grupo Python Lovers',1,DATEADD(DAY,-4,SYSUTCDATETIME())),
('R048','Grupo Data Science',1,DATEADD(DAY,-3,SYSUTCDATETIME())),
('R049','Grupo Inteligencia Artificial',1,DATEADD(DAY,-2,SYSUTCDATETIME())),
('R050','Grupo Machine Learning',1,DATEADD(DAY,-1,SYSUTCDATETIME()));

-----------------------------------
-- MESSAGES (50 registros)
-----------------------------------
INSERT INTO messages (message_id, room_id, user_id, content, sent_at) VALUES
('M001','R001','USR001','Hola, ¿cómo vas?',DATEADD(HOUR,-50,SYSUTCDATETIME())),
('M002','R001','USR002','Bien, ¿y tú?',DATEADD(HOUR,-49,SYSUTCDATETIME())),
('M003','R002','USR003','¿Viste el correo?',DATEADD(HOUR,-48,SYSUTCDATETIME())),
('M004','R002','USR004','Sí, lo reviso ahora.',DATEADD(HOUR,-47,SYSUTCDATETIME())),
('M005','R003','USR005','Nos vemos mañana.',DATEADD(HOUR,-46,SYSUTCDATETIME())),
('M006','R003','USR006','Listo, confirmado.',DATEADD(HOUR,-45,SYSUTCDATETIME())),
('M007','R004','USR007','Ya terminé el documento.',DATEADD(HOUR,-44,SYSUTCDATETIME())),
('M008','R004','USR008','Perfecto, gracias.',DATEADD(HOUR,-43,SYSUTCDATETIME())),
('M009','R005','USR009','¿Tienes un momento?',DATEADD(HOUR,-42,SYSUTCDATETIME())),
('M010','R005','USR010','Claro, dime.',DATEADD(HOUR,-41,SYSUTCDATETIME())),
('M011','R006','USR011','Adjunto los archivos.',DATEADD(HOUR,-40,SYSUTCDATETIME())),
('M012','R006','USR012','Recibido.',DATEADD(HOUR,-39,SYSUTCDATETIME())),
('M013','R007','USR013','¿Vamos al café?',DATEADD(HOUR,-38,SYSUTCDATETIME())),
('M014','R007','USR014','Sí, en 10 minutos.',DATEADD(HOUR,-37,SYSUTCDATETIME())),
('M015','R008','USR015','Revisemos el código.',DATEADD(HOUR,-36,SYSUTCDATETIME())),
('M016','R008','USR016','Ya lo subí a GitHub.',DATEADD(HOUR,-35,SYSUTCDATETIME())),
('M017','R009','USR017','Agenda la reunión.',DATEADD(HOUR,-34,SYSUTCDATETIME())),
('M018','R009','USR018','Ok, a las 4pm.',DATEADD(HOUR,-33,SYSUTCDATETIME())),
('M019','R010','USR019','Traes los documentos?',DATEADD(HOUR,-32,SYSUTCDATETIME())),
('M020','R010','USR020','Sí, impresos.',DATEADD(HOUR,-31,SYSUTCDATETIME())),
('M021','R026','USR001','Hola familia, ¿cómo están?',DATEADD(HOUR,-30,SYSUTCDATETIME())),
('M022','R026','USR002','Todo bien, ¿y tú?',DATEADD(HOUR,-29,SYSUTCDATETIME())),
('M023','R027','USR003','Chicos, avancemos con la tarea.',DATEADD(HOUR,-28,SYSUTCDATETIME())),
('M024','R027','USR004','De acuerdo, empiezo hoy.',DATEADD(HOUR,-27,SYSUTCDATETIME())),
('M025','R028','USR005','Plan para el viernes?',DATEADD(HOUR,-26,SYSUTCDATETIME())),
('M026','R028','USR006','Propongo cine.',DATEADD(HOUR,-25,SYSUTCDATETIME())),
('M027','R029','USR007','Ya tengo las reservas.',DATEADD(HOUR,-24,SYSUTCDATETIME())),
('M028','R029','USR008','Excelente!',DATEADD(HOUR,-23,SYSUTCDATETIME())),
('M029','R030','USR009','Partido confirmado.',DATEADD(HOUR,-22,SYSUTCDATETIME())),
('M030','R030','USR010','Listo, voy.',DATEADD(HOUR,-21,SYSUTCDATETIME())),
('M031','R031','USR011','Clase a las 7pm.',DATEADD(HOUR,-20,SYSUTCDATETIME())),
('M032','R031','USR012','Ok, nos conectamos.',DATEADD(HOUR,-19,SYSUTCDATETIME())),
('M033','R032','USR013','Envía el avance.',DATEADD(HOUR,-18,SYSUTCDATETIME())),
('M034','R032','USR014','Esta noche lo subo.',DATEADD(HOUR,-17,SYSUTCDATETIME())),
('M035','R033','USR015','Nueva playlist lista.',DATEADD(HOUR,-16,SYSUTCDATETIME())),
('M036','R033','USR016','Buenísima.',DATEADD(HOUR,-15,SYSUTCDATETIME())),
('M037','R034','USR017','El libro está genial.',DATEADD(HOUR,-14,SYSUTCDATETIME())),
('M038','R034','USR018','Sí, muy recomendado.',DATEADD(HOUR,-13,SYSUTCDATETIME())),
('M039','R035','USR019','Clase de yoga mañana.',DATEADD(HOUR,-12,SYSUTCDATETIME())),
('M040','R035','USR020','Confirmo asistencia.',DATEADD(HOUR,-11,SYSUTCDATETIME())),
('M041','R036','USR001','Qué película vemos?',DATEADD(HOUR,-10,SYSUTCDATETIME())),
('M042','R036','USR002','Propongo Inception.',DATEADD(HOUR,-9,SYSUTCDATETIME())),
('M043','R037','USR003','¿Quién sabe React?',DATEADD(HOUR,-8,SYSUTCDATETIME())),
('M044','R037','USR004','Yo puedo ayudar.',DATEADD(HOUR,-7,SYSUTCDATETIME())),
('M045','R038','USR005','Revisemos el diseño.',DATEADD(HOUR,-6,SYSUTCDATETIME())),
('M046','R038','USR006','Se ve bien.',DATEADD(HOUR,-5,SYSUTCDATETIME())),
('M047','R039','USR007','Nueva receta subida.',DATEADD(HOUR,-4,SYSUTCDATETIME())),
('M048','R039','USR008','La probaré hoy.',DATEADD(HOUR,-3,SYSUTCDATETIME())),
('M049','R040','USR009','Corrida el sábado.',DATEADD(HOUR,-2,SYSUTCDATETIME())),
('M050','R040','USR010','Nos vemos en el parque.',DATEADD(HOUR,-1,SYSUTCDATETIME()));

-- ==========================
-- Tabla: Moderador (50 registros)
-- ==========================

INSERT INTO moderators (moderator_id, user_id, assigned_area) VALUES
('MOD001', 'USR001', 'Foro General'),
('MOD002', 'USR002', 'Eventos'),
('MOD003', 'USR003', 'Soporte Técnico'),
('MOD004', 'USR004', 'Salud'),
('MOD005', 'USR005', 'Psicología'),
('MOD006', 'USR006', 'Nutrición'),
('MOD007', 'USR007', 'Ejercicio'),
('MOD008', 'USR008', 'Música'),
('MOD009', 'USR009', 'Cine'),
('MOD010', 'USR010', 'Literatura'),
('MOD011', 'USR011', 'Viajes'),
('MOD012', 'USR012', 'Cocina'),
('MOD013', 'USR013', 'Fotografía'),
('MOD014', 'USR014', 'Arte'),
('MOD015', 'USR015', 'Emprendimiento'),
('MOD016', 'USR016', 'Finanzas'),
('MOD017', 'USR017', 'Tecnología'),
('MOD018', 'USR018', 'Videojuegos'),
('MOD019', 'USR019', 'Medicina'),
('MOD020', 'USR020', 'Investigación'),
('MOD021', 'USR021', 'Marketing'),
('MOD022', 'USR022', 'Redes Sociales'),
('MOD023', 'USR023', 'Educación'),
('MOD024', 'USR024', 'Ciencia'),
('MOD025', 'USR025', 'IA y Data Science'),
('MOD026', 'USR026', 'Machine Learning'),
('MOD027', 'USR027', 'Backend Dev'),
('MOD028', 'USR028', 'Frontend Dev'),
('MOD029', 'USR029', 'Bases de Datos'),
('MOD030', 'USR030', 'Seguridad Informática'),
('MOD031', 'USR031', 'Blockchain'),
('MOD032', 'USR032', 'DevOps'),
('MOD033', 'USR033', 'Cloud'),
('MOD034', 'USR034', 'Big Data'),
('MOD035', 'USR035', 'Automatización'),
('MOD036', 'USR036', 'Robótica'),
('MOD037', 'USR037', 'Proyectos'),
('MOD038', 'USR038', 'Voluntariado'),
('MOD039', 'USR039', 'Bienestar'),
('MOD040', 'USR040', 'Sostenibilidad'),
('MOD041', 'USR041', 'Derecho'),
('MOD042', 'USR042', 'Política'),
('MOD043', 'USR043', 'Economía'),
('MOD044', 'USR044', 'Historia'),
('MOD045', 'USR045', 'Geografía'),
('MOD046', 'USR046', 'Idiomas'),
('MOD047', 'USR047', 'Investigación Clínica'),
('MOD048', 'USR048', 'Psicopedagogía'),
('MOD049', 'USR049', 'Redacción'),
('MOD050', 'USR050', 'Moderación General');